{"cameraMode":{"drawMode":0,"name":"Shaded","section":"Shading Mode"},"sceneLighting":true,"audioPlay":false,"sceneViewState":{"m_AlwaysRefresh":false,"showFog":true,"showSkybox":true,"showFlares":true,"showImageEffects":true,"showParticleSystems":true,"showVisualEffectGraphs":true,"m_FxEnabled":true},"in2DMode":false,"pivot":{"x":16.715791702270509,"y":-13.635982513427735,"z":15.276288986206055},"rotation":{"x":-0.22229349613189698,"y":-0.2603766918182373,"z":0.061735328286886218,"w":-0.9375191926956177},"size":21.540748596191408,"orthographic":false}