{"cameraMode":{"drawMode":0,"name":"Shaded","section":"Shading Mode"},"sceneLighting":true,"audioPlay":false,"sceneViewState":{"m_AlwaysRefresh":false,"showFog":true,"showSkybox":true,"showFlares":true,"showImageEffects":true,"showParticleSystems":true,"showVisualEffectGraphs":true,"m_FxEnabled":true},"in2DMode":false,"pivot":{"x":2.0033767223358156,"y":-3.0584187507629396,"z":5.058462142944336},"rotation":{"x":-0.1438075602054596,"y":-0.0038612138014286758,"z":0.0005615978734567761,"w":-0.9895966053009033},"size":9.401446342468262,"orthographic":false}