{"cameraMode":{"drawMode":0,"name":"Shaded","section":"Shading Mode"},"sceneLighting":true,"audioPlay":false,"sceneViewState":{"m_AlwaysRefresh":false,"showFog":true,"showSkybox":true,"showFlares":true,"showImageEffects":true,"showParticleSystems":true,"showVisualEffectGraphs":true,"m_FxEnabled":true},"in2DMode":false,"pivot":{"x":3.6772427558898927,"y":-3.0965147018432619,"z":0.6559667587280273},"rotation":{"x":0.013189093209803105,"y":-0.01140143908560276,"z":-0.00015050916408654302,"w":-0.9998458623886108},"size":15.401750564575196,"orthographic":false}